<?xml version="1.0"?>
<!--
/**
 * Location: magento2_root/app/code/Ost/Instagramslider/etc/acl.xml
 */
-->
<config xmlns:xsi="http://www.w3.org/2001/XMLSchema-instance" xsi:noNamespaceSchemaLocation="urn:magento:framework:Acl/etc/acl.xsd">
    <acl>
        <resources>
            <resource id="Magento_Backend::admin">
                <resource id="Magento_Backend::stores">
                    <resource id="Magento_Backend::stores_settings">
                        <resource id="Ost_Instagramslider::instagramslider_configuration">
                            <resource id="Ost_Instagramslider::config" title="Instagram Slider" sortOrder="50" />
                        </resource>
                    </resource>
                </resource>
            </resource>
        </resources>
    </acl>
</config>
