<?xml version="1.0"?>
<config xmlns:xsi="http://www.w3.org/2001/XMLSchema-instance" xsi:noNamespaceSchemaLocation="urn:magento:module:Magento_Config:etc/system_file.xsd">
    <system>
        <tab id="ost_tab" translate="label" sortOrder="10">
            <label>OPENSOURCE TECHNOLOGIES</label>
        </tab>
        <section id="instagram_section" translate="label" sortOrder="130" showInDefault="1" showInWebsite="1" showInStore="1">
            <class>separator-top</class>
            <label>Instagram Slider</label>
            <tab>ost_tab</tab>
            <resource>Ost_Instagramslider::instagramslider_configuration</resource>
            <group id="instagram_general" translate="label" type="text" sortOrder="10" showInDefault="1" showInWebsite="1" showInStore="1">
                <label>Instagram Slider Setting</label>
                <field id="enable" translate="label" type="select" sortOrder="1" showInDefault="1" showInWebsite="1" showInStore="1">
                    <label>Status</label>
                    <source_model>Magento\Config\Model\Config\Source\Yesno</source_model>
                </field>
                <field id="instagramslider_title" translate="label" type="text" sortOrder="2" showInDefault="1" showInWebsite="1" showInStore="1">
                    <label>Title</label>
                    <comment>This text will display on the frontend.</comment>
                </field>
                <field id="instagramslider_rewind" translate="label" type="select" sortOrder="3" showInDefault="1" showInWebsite="1" showInStore="1">
					<label>Rewind Nav</label>
					<source_model>Magento\Config\Model\Config\Source\Yesno</source_model>
                </field>
                <field id="instagramslider_item" translate="label" type="text" sortOrder="4" showInDefault="1" showInWebsite="1" showInStore="1">
                    <label>No. Item to show</label>
                    <comment>This text will display on the frontend.</comment>
                </field>                
                <field id="instagramslider_margin" translate="label" type="text" sortOrder="5" showInDefault="1" showInWebsite="1" showInStore="1">
                    <label>Margin</label>
                    <comment>This text will display on the frontend.</comment>
                </field>
                <field id="instagramslider_pagination" translate="label" type="select" sortOrder="6" showInDefault="1" showInWebsite="1" showInStore="1">
                    <label>Pagination</label>
                    <source_model>Magento\Config\Model\Config\Source\Yesno</source_model>
                </field> 
                <field id="instagramslider_play_speed" translate="label" type="text" sortOrder="7" showInDefault="1" showInWebsite="1" showInStore="1">
                    <label>Auto Play Speed</label>
                </field>
                <field id="instagramslider_userid" translate="label" type="text" sortOrder="8" showInDefault="1" showInWebsite="1" showInStore="1">
                    <label>User Id</label>
                    <comment>User Id of Instagram.</comment>
                </field>
                <field id="instagramslider_token" translate="label" type="text" sortOrder="9" showInDefault="1" showInWebsite="1" showInStore="1">
                    <label>Access Token</label>
                    <comment>Access Token of Instagram.</comment>
                </field>
                <field id="instagramslider_dimension" translate="label" type="select" sortOrder="10" showInDefault="1" showInWebsite="1" showInStore="1">
                    <label>Dimension</label>
                    <source_model>Ost\Instagramslider\Model\Dimension</source_model>
					<validate>required-entry</validate>
                </field>
                <field id="instagramslider_autoplay" translate="label" type="select" sortOrder="11" showInDefault="1" showInWebsite="1" showInStore="1">
                    <label>Auto Play</label>                    
					<source_model>Magento\Config\Model\Config\Source\Yesno</source_model>
                </field>
                <field id="instagramslider_navigation" translate="label" type="select" sortOrder="12" showInDefault="1" showInWebsite="1" showInStore="1">
                    <label>Navigation</label>                    
					<source_model>Magento\Config\Model\Config\Source\Yesno</source_model>
                </field>                  
            </group>
        </section>
    </system>
</config>
